variant,n,run,circuit_size,acir_opcodes,compile_s,witness_s,prove_s,verify_s,proof_bytes,peak_mb
flat_full_pairwise,8,1,3472,212,0.1856,0.107,0.1057,0.0089,14656,43.71
flat_full_pairwise,8,2,3472,212,0.1856,0.109,0.1054,0.0106,14656,43.71
flat_full_pairwise,8,3,3472,212,0.1856,0.1096,0.106,0.009,14656,43.71
flat_full_pairwise,8,4,3472,212,0.1856,0.1118,0.1095,0.009,14656,43.71
flat_full_pairwise,8,5,3472,212,0.1856,0.1108,0.108,0.009,14656,43.71
flat_full_pairwise,32,1,11740,2372,0.1376,0.1167,0.2183,0.0122,14656,43.84
flat_full_pairwise,32,2,11740,2372,0.1376,0.1236,0.2233,0.0124,14656,43.84
flat_full_pairwise,32,3,11740,2372,0.1376,0.1187,0.2264,0.0132,14656,43.84
flat_full_pairwise,32,4,11740,2372,0.1376,0.119,0.2149,0.0122,14656,43.84
flat_full_pairwise,32,5,11740,2372,0.1376,0.1167,0.2163,0.0121,14656,43.84
flat_full_pairwise,56,1,29512,6836,0.1939,0.1323,0.3811,0.0194,14656,62.45
flat_full_pairwise,56,2,29512,6836,0.1939,0.1347,0.3858,0.0191,14656,62.57
flat_full_pairwise,56,3,29512,6836,0.1939,0.1383,0.3799,0.0196,14656,62.65
flat_full_pairwise,56,4,29512,6836,0.1939,0.1326,0.3902,0.0193,14656,62.5
flat_full_pairwise,56,5,29512,6836,0.1939,0.1349,0.3767,0.0201,14656,62.66
flat_full_pairwise,80,1,56788,13604,0.2887,0.158,0.6731,0.0305,14656,100.16
flat_full_pairwise,80,2,56788,13604,0.2887,0.1674,0.6644,0.0309,14656,100.45
flat_full_pairwise,80,3,56788,13604,0.2887,0.1612,0.6695,0.031,14656,100.05
flat_full_pairwise,80,4,56788,13604,0.2887,0.1624,0.6642,0.0331,14656,100.25
flat_full_pairwise,80,5,56788,13604,0.2887,0.1635,0.6741,0.0311,14656,100.48
flat_full_pairwise,104,1,93568,22676,0.4301,0.1976,1.1537,0.0475,14656,157.43
flat_full_pairwise,104,2,93568,22676,0.4301,0.2039,1.18,0.0468,14656,157.48
flat_full_pairwise,104,3,93568,22676,0.4301,0.2021,1.1769,0.0473,14656,157.79
flat_full_pairwise,104,4,93568,22676,0.4301,0.2067,1.1496,0.0457,14656,157.6
flat_full_pairwise,104,5,93568,22676,0.4301,0.2054,1.1854,0.046,14656,157.57
flat_full_pairwise,152,1,195640,47732,0.8345,0.3324,2.2047,0.0917,14656,307.12
flat_full_pairwise,152,2,195640,47732,0.8345,0.3127,2.5281,0.13,14656,307.09
flat_full_pairwise,152,3,195640,47732,0.8345,0.3506,3.0245,0.1344,14656,307.0
flat_full_pairwise,152,4,195640,47732,0.8345,0.3541,2.9836,0.1346,14656,307.21
flat_full_pairwise,152,5,195640,47732,0.8345,0.358,2.9751,0.1328,14656,306.92
flat_full_pairwise,200,1,335728,82004,1.5439,0.499,5.286,0.2036,14656,526.47
flat_full_pairwise,200,2,335728,82004,1.5439,0.4946,5.2165,0.1959,14656,526.29
flat_full_pairwise,200,3,335728,82004,1.5439,0.4955,5.2113,0.2041,14656,526.47
flat_full_pairwise,200,4,335728,82004,1.5439,0.4948,5.2138,0.2045,14656,526.55
flat_full_pairwise,200,5,335728,82004,1.5439,0.4886,5.1905,0.2043,14656,526.55
flat_full_pairwise,248,1,513832,125492,2.3316,0.6698,6.4051,0.2783,14656,729.46
flat_full_pairwise,248,2,513832,125492,2.3316,0.6708,6.2252,0.2812,14656,729.31
flat_full_pairwise,248,3,513832,125492,2.3316,0.6774,6.242,0.2843,14656,729.29
flat_full_pairwise,248,4,513832,125492,2.3316,0.6739,6.3058,0.2802,14656,729.15
flat_full_pairwise,248,5,513832,125492,2.3316,0.6738,6.2353,0.2798,14656,729.67
flat_full_sort,8,1,3505,204,1.0506,0.1147,0.1076,0.009,14656,43.7
flat_full_sort,8,2,3505,204,1.0506,0.1148,0.105,0.0089,14656,43.7
flat_full_sort,8,3,3505,204,1.0506,0.1104,0.1077,0.009,14656,43.7
flat_full_sort,8,4,3505,204,1.0506,0.1107,0.1376,0.0107,14656,43.7
flat_full_sort,8,5,3505,204,1.0506,0.1196,0.1123,0.009,14656,43.7
flat_full_sort,32,1,11101,1572,0.1314,0.1204,0.2128,0.0125,14656,43.83
flat_full_sort,32,2,11101,1572,0.1314,0.1179,0.2103,0.0126,14656,43.83
flat_full_sort,32,3,11101,1572,0.1314,0.1196,0.2152,0.0123,14656,43.83
flat_full_sort,32,4,11101,1572,0.1314,0.1167,0.2145,0.0123,14656,43.83
flat_full_sort,32,5,11101,1572,0.1314,0.1181,0.2098,0.0124,14656,43.83
flat_full_sort,56,1,27049,4092,0.1438,0.128,0.4143,0.02,14656,58.81
flat_full_sort,56,2,27049,4092,0.1438,0.1337,0.3697,0.0199,14656,58.65
flat_full_sort,56,3,27049,4092,0.1438,0.1298,0.3713,0.0195,14656,58.93
flat_full_sort,56,4,27049,4092,0.1438,0.1295,0.3636,0.0199,14656,59.02
flat_full_sort,56,5,27049,4092,0.1438,0.13,0.3642,0.0197,14656,58.86
flat_full_sort,80,1,51349,7764,0.1691,0.1757,0.8452,0.051,14656,92.79
flat_full_sort,80,2,51349,7764,0.1691,0.2081,0.8456,0.0502,14656,92.53
flat_full_sort,80,3,51349,7764,0.1691,0.2035,0.8487,0.0502,14656,92.29
flat_full_sort,80,4,51349,7764,0.1691,0.2047,0.8463,0.0489,14656,92.4
flat_full_sort,80,5,51349,7764,0.1691,0.2041,0.8392,0.0493,14656,92.33
flat_full_sort,104,1,84001,12588,0.2641,0.2038,1.4931,0.076,14656,142.52
flat_full_sort,104,2,84001,12588,0.2641,0.2199,1.5208,0.073,14656,142.6
flat_full_sort,104,3,84001,12588,0.2641,0.2169,1.4503,0.0729,14656,142.65
flat_full_sort,104,4,84001,12588,0.2641,0.2215,1.4746,0.0726,14656,142.47
flat_full_sort,104,5,84001,12588,0.2641,0.2287,1.45,0.0716,14656,142.67
flat_full_sort,152,1,174361,25692,0.3406,0.2628,2.7587,0.1296,14656,280.21
flat_full_sort,152,2,174361,25692,0.3406,0.2729,2.7314,0.1293,14656,279.77
flat_full_sort,152,3,174361,25692,0.3406,0.2745,2.7543,0.1288,14656,280.14
flat_full_sort,152,4,174361,25692,0.3406,0.2709,2.7875,0.1312,14656,280.14
flat_full_sort,152,5,174361,25692,0.3406,0.2716,2.7365,0.127,14656,280.26
flat_full_sort,200,1,298129,43404,0.4654,0.3592,4.8862,0.2036,14656,502.47
flat_full_sort,200,2,298129,43404,0.4654,0.359,4.8908,0.2025,14656,502.77
flat_full_sort,200,3,298129,43404,0.4654,0.3521,4.8801,0.2022,14656,502.43
flat_full_sort,200,4,298129,43404,0.4654,0.3559,4.9968,0.1924,14656,502.65
flat_full_sort,200,5,298129,43404,0.4654,0.3566,4.9042,0.1929,14656,502.54
flat_full_sort,248,1,455305,65724,0.6186,0.48,5.762,0.2836,14656,647.97
flat_full_sort,248,2,455305,65724,0.6186,0.4789,5.7464,0.2878,14656,647.75
flat_full_sort,248,3,455305,65724,0.6186,0.4792,5.7923,0.2827,14656,647.86
flat_full_sort,248,4,455305,65724,0.6186,0.4819,5.758,0.2783,14656,647.77
flat_full_sort,248,5,455305,65724,0.6186,0.4776,5.7564,0.2818,14656,647.68
flat_full_presence,8,1,3502,178,0.2153,0.1074,0.1075,0.0089,14656,43.79
flat_full_presence,8,2,3502,178,0.2153,0.1099,0.1058,0.009,14656,43.79
flat_full_presence,8,3,3502,178,0.2153,0.1114,0.1116,0.0092,14656,43.79
flat_full_presence,8,4,3502,178,0.2153,0.1098,0.106,0.009,14656,43.79
flat_full_presence,8,5,3502,178,0.2153,0.109,0.1054,0.0091,14656,43.79
flat_full_presence,32,1,11062,1450,0.1177,0.1138,0.2034,0.0124,14656,43.91
flat_full_presence,32,2,11062,1450,0.1177,0.1202,0.2245,0.0122,14656,43.91
flat_full_presence,32,3,11062,1450,0.1177,0.1134,0.2114,0.0122,14656,43.91
flat_full_presence,32,4,11062,1450,0.1177,0.1191,0.2115,0.0123,14656,43.91
flat_full_presence,32,5,11062,1450,0.1177,0.1151,0.2077,0.0124,14656,43.91
flat_full_presence,56,1,26974,3874,0.1292,0.1207,0.3539,0.0196,14656,58.06
flat_full_presence,56,2,26974,3874,0.1292,0.1242,0.3615,0.02,14656,57.5
flat_full_presence,56,3,26974,3874,0.1292,0.1213,0.3643,0.0195,14656,57.8
flat_full_presence,56,4,26974,3874,0.1292,0.1211,0.3614,0.02,14656,57.68
flat_full_presence,56,5,26974,3874,0.1292,0.119,0.3621,0.0212,14656,57.66
flat_full_presence,80,1,51238,7450,0.1686,0.1859,0.8713,0.0488,14656,91.62
flat_full_presence,80,2,51238,7450,0.1686,0.1807,0.8442,0.0501,14656,91.51
flat_full_presence,80,3,51238,7450,0.1686,0.1813,0.8532,0.0498,14656,91.85
flat_full_presence,80,4,51238,7450,0.1686,0.1805,0.8504,0.0495,14656,91.43
flat_full_presence,80,5,51238,7450,0.1686,0.1802,0.8421,0.0497,14656,91.39
flat_full_presence,104,1,83854,12178,0.2261,0.1701,1.4842,0.074,14656,141.97
flat_full_presence,104,2,83854,12178,0.2261,0.1967,1.4643,0.072,14656,142.11
flat_full_presence,104,3,83854,12178,0.2261,0.1901,1.4535,0.0727,14656,141.97
flat_full_presence,104,4,83854,12178,0.2261,0.1916,1.4839,0.0731,14656,142.09
flat_full_presence,104,5,83854,12178,0.2261,0.1927,1.4559,0.072,14656,141.91
flat_full_presence,152,1,174142,25090,0.2702,0.2123,2.7633,0.1296,14656,269.85
flat_full_presence,152,2,174142,25090,0.2702,0.2257,2.7353,0.1291,14656,270.09
flat_full_presence,152,3,174142,25090,0.2702,0.2224,2.7576,0.1288,14656,270.06
flat_full_presence,152,4,174142,25090,0.2702,0.2198,2.7559,0.1309,14656,270.02
flat_full_presence,152,5,174142,25090,0.2702,0.2197,2.7074,0.1292,14656,269.74
flat_full_presence,200,1,297838,42610,0.3561,0.2795,4.8633,0.2072,14656,499.44
flat_full_presence,200,2,297838,42610,0.3561,0.2837,4.9405,0.202,14656,499.64
flat_full_presence,200,3,297838,42610,0.3561,0.2771,4.8703,0.2028,14656,499.68
flat_full_presence,200,4,297838,42610,0.3561,0.2759,4.8745,0.2039,14656,499.63
flat_full_presence,200,5,297838,42610,0.3561,0.2729,4.8867,0.2046,14656,499.4
flat_full_presence,248,1,454942,64738,0.436,0.3473,5.7562,0.2787,14656,644.4
flat_full_presence,248,2,454942,64738,0.436,0.3577,5.7305,0.2811,14656,644.3
flat_full_presence,248,3,454942,64738,0.436,0.3518,5.7216,0.2822,14656,644.16
flat_full_presence,248,4,454942,64738,0.436,0.3477,5.7044,0.2843,14656,644.23
flat_full_presence,248,5,454942,64738,0.436,0.3568,5.7249,0.2832,14656,644.23
flat_full_invperm,8,1,3458,173,0.1327,0.1186,0.1044,0.009,14656,43.74
flat_full_invperm,8,2,3458,173,0.1327,0.1096,0.1052,0.0089,14656,43.74
flat_full_invperm,8,3,3458,173,0.1327,0.1084,0.1045,0.0089,14656,43.74
flat_full_invperm,8,4,3458,173,0.1327,0.1112,0.1098,0.009,14656,43.74
flat_full_invperm,8,5,3458,173,0.1327,0.1108,0.1051,0.009,14656,43.74
flat_full_invperm,32,1,10910,1445,0.1174,0.1144,0.2092,0.0125,14656,43.87
flat_full_invperm,32,2,10910,1445,0.1174,0.1126,0.265,0.0125,14656,43.87
flat_full_invperm,32,3,10910,1445,0.1174,0.1137,0.2123,0.0126,14656,43.87
flat_full_invperm,32,4,10910,1445,0.1174,0.1163,0.2101,0.0125,14656,43.87
flat_full_invperm,32,5,10910,1445,0.1174,0.1124,0.2069,0.0127,14656,43.87
flat_full_invperm,56,1,26714,3869,0.1307,0.1188,0.355,0.02,14656,57.97
flat_full_invperm,56,2,26714,3869,0.1307,0.1221,0.3578,0.0198,14656,57.82
flat_full_invperm,56,3,26714,3869,0.1307,0.1258,0.3597,0.0209,14656,58.18
flat_full_invperm,56,4,26714,3869,0.1307,0.1192,0.3644,0.0203,14656,58.18
flat_full_invperm,56,5,26714,3869,0.1307,0.1207,0.3584,0.0198,14656,58.06
flat_full_invperm,80,1,50870,7445,0.1467,0.1489,0.6205,0.031,14656,90.22
flat_full_invperm,80,2,50870,7445,0.1467,0.1343,0.6198,0.0313,14656,90.11
flat_full_invperm,80,3,50870,7445,0.1467,0.1333,0.6208,0.0307,14656,90.06
flat_full_invperm,80,4,50870,7445,0.1467,0.1308,0.6291,0.0312,14656,90.24
flat_full_invperm,80,5,50870,7445,0.1467,0.1416,0.6321,0.0321,14656,90.05
flat_full_invperm,104,1,83378,12173,0.1665,0.1484,1.0692,0.0475,14656,141.66
flat_full_invperm,104,2,83378,12173,0.1665,0.1554,1.0912,0.0472,14656,141.61
flat_full_invperm,104,3,83378,12173,0.1665,0.1518,1.0876,0.047,14656,141.55
flat_full_invperm,104,4,83378,12173,0.1665,0.1536,1.0929,0.0476,14656,140.86
flat_full_invperm,104,5,83378,12173,0.1665,0.1544,1.1181,0.0468,14656,141.56
flat_full_invperm,152,1,173450,25085,0.2271,0.1927,2.7075,0.1331,14656,269.14
flat_full_invperm,152,2,173450,25085,0.2271,0.2274,2.7998,0.1337,14656,269.27
flat_full_invperm,152,3,173450,25085,0.2271,0.2241,2.788,0.1321,14656,269.33
flat_full_invperm,152,4,173450,25085,0.2271,0.2322,2.7551,0.1319,14656,269.27
flat_full_invperm,152,5,173450,25085,0.2271,0.2271,2.7934,0.1316,14656,269.44
flat_full_invperm,200,1,296930,42605,0.349,0.278,4.8978,0.1982,14656,499.0
flat_full_invperm,200,2,296930,42605,0.349,0.2788,4.8661,0.2042,14656,499.09
flat_full_invperm,200,3,296930,42605,0.349,0.2785,4.9122,0.2047,14656,498.91
flat_full_invperm,200,4,296930,42605,0.349,0.2791,4.8719,0.2045,14656,499.23
flat_full_invperm,200,5,296930,42605,0.349,0.2785,4.9084,0.1998,14656,497.96
flat_full_invperm,248,1,453818,64733,0.442,0.3563,5.71,0.2867,14656,636.25
flat_full_invperm,248,2,453818,64733,0.442,0.3503,5.7018,0.2862,14656,636.4
flat_full_invperm,248,3,453818,64733,0.442,0.3508,5.6915,0.2815,14656,636.23
flat_full_invperm,248,4,453818,64733,0.442,0.3549,5.7043,0.2844,14656,636.61
flat_full_invperm,248,5,453818,64733,0.442,0.3544,5.6905,0.2838,14656,636.15
flat_full_invperm,296,1,644114,91469,0.5345,0.429,6.615,0.3088,14656,958.13
flat_full_invperm,296,2,644114,91469,0.5345,0.4403,6.7976,0.3172,14656,958.19
flat_full_invperm,296,3,644114,91469,0.5345,0.4572,6.9635,0.3153,14656,958.14
flat_full_invperm,296,4,644114,91469,0.5345,0.4571,8.8508,0.3718,14656,958.1
flat_full_invperm,296,5,644114,91469,0.5345,0.4903,9.6245,0.369,14656,958.42
flat_full_invperm,384,1,1079758,152453,0.9776,0.767,16.8584,0.5597,14656,1713.18
flat_full_invperm,384,2,1079758,152453,0.9776,0.7431,16.9091,0.5594,14656,1712.95
flat_full_invperm,384,3,1079758,152453,0.9776,0.7458,16.8104,0.5602,14656,1713.12
flat_full_invperm,384,4,1079758,152453,0.9776,0.7386,16.9176,0.5536,14656,1712.91
flat_full_invperm,384,5,1079758,152453,0.9776,0.7466,17.1467,0.5601,14656,1713.09
flat_full_invperm,480,1,1683070,236645,1.5147,1.2224,20.2297,0.8228,14656,2339.69
flat_full_invperm,480,2,1683070,236645,1.5147,1.1841,20.1931,0.8261,14656,2339.37
flat_full_invperm,480,3,1683070,236645,1.5147,1.1921,20.2504,0.8231,14656,2339.38
flat_full_invperm,480,4,1683070,236645,1.5147,1.2081,20.2777,0.809,14656,2339.36
flat_full_invperm,480,5,1683070,236645,1.5147,1.2331,20.2807,0.8189,14656,2339.38
flat_full_presence,296,1,645454,91474,0.5369,0.4322,6.7446,0.3191,14656,951.65
flat_full_presence,296,2,645454,91474,0.5369,0.449,8.8232,0.3694,14656,951.81
flat_full_presence,296,3,645454,91474,0.5369,0.4959,9.6681,0.3686,14656,951.82
flat_full_presence,296,4,645454,91474,0.5369,0.4878,9.575,0.3637,14656,951.71
flat_full_presence,296,5,645454,91474,0.5369,0.4895,9.7386,0.3666,14656,951.66
flat_full_presence,384,1,1081494,152458,1.0107,0.892,18.2474,0.5595,14656,1726.93
flat_full_presence,384,2,1081494,152458,1.0107,0.7846,16.97,0.5548,14656,1727.05
flat_full_presence,384,3,1081494,152458,1.0107,0.7661,17.0031,0.5571,14656,1726.96
flat_full_presence,384,4,1081494,152458,1.0107,0.7812,16.9874,0.5614,14656,1727.06
flat_full_presence,384,5,1081494,152458,1.0107,0.775,16.9418,0.5651,14656,1726.99
flat_full_presence,480,1,1685238,236650,1.5614,1.1752,20.2876,1.0184,14656,2362.64
flat_full_presence,480,2,1685238,236650,1.5614,1.2275,20.1748,0.8218,14656,2362.86
flat_full_presence,480,3,1685238,236650,1.5614,1.1816,20.2443,0.8106,14656,2362.74
flat_full_presence,480,4,1685238,236650,1.5614,1.1776,20.4027,0.8098,14656,2362.64
flat_full_presence,480,5,1685238,236650,1.5614,1.1767,20.2626,0.8244,14656,2362.96
flat_full_sort,296,1,645889,92652,0.746,0.5737,6.7988,0.3155,14656,977.26
flat_full_sort,296,2,645889,92652,0.746,0.5815,7.6768,0.3748,14656,977.22
flat_full_sort,296,3,645889,92652,0.746,0.6489,9.7,0.3692,14656,977.12
flat_full_sort,296,4,645889,92652,0.746,0.6449,9.5882,0.3616,14656,977.42
flat_full_sort,296,5,645889,92652,0.746,0.6516,9.5288,0.3616,14656,977.3
flat_full_sort,384,1,1082061,153988,1.3393,1.0127,16.9727,0.5623,14656,1773.52
flat_full_sort,384,2,1082061,153988,1.3393,1.0015,16.9705,0.5517,14656,1773.27
flat_full_sort,384,3,1082061,153988,1.3393,0.995,16.9944,0.5487,14656,1773.59
flat_full_sort,384,4,1082061,153988,1.3393,0.9871,16.9531,0.5578,14656,1773.38
flat_full_sort,384,5,1082061,153988,1.3393,0.9983,16.9538,0.5558,14656,1773.55
flat_full_sort,480,1,1685949,238564,2.0563,1.5291,20.234,0.8169,14656,2421.37
flat_full_sort,480,2,1685949,238564,2.0563,1.524,20.2484,0.8174,14656,2421.57
flat_full_sort,480,3,1685949,238564,2.0563,1.521,20.274,0.8086,14656,2421.36
flat_full_sort,480,4,1685949,238564,2.0563,1.5399,20.267,0.8115,14656,2421.39
flat_full_sort,480,5,1685949,238564,2.0563,1.5459,20.3105,0.8126,14656,2421.45
flat_full_pairwise,296,1,729952,178196,3.2712,0.8872,9.9756,0.3691,14656,1122.45
flat_full_pairwise,296,2,729952,178196,3.2712,0.9415,10.3782,0.3579,14656,1122.68
flat_full_pairwise,296,3,729952,178196,3.2712,0.9775,10.4194,0.3439,14656,1122.3
flat_full_pairwise,296,4,729952,178196,3.2712,0.9477,10.2887,0.3662,14656,1122.72
flat_full_pairwise,296,5,729952,178196,3.2712,0.9399,10.3187,0.3613,14656,1122.56
flat_full_pairwise,384,1,1224908,298756,5.7557,1.5328,18.3097,0.5487,14656,1878.43
flat_full_pairwise,384,2,1224908,298756,5.7557,1.5438,18.2115,0.5512,14656,1878.55
flat_full_pairwise,384,3,1224908,298756,5.7557,1.5519,18.2413,0.5563,14656,1878.47
flat_full_pairwise,384,4,1224908,298756,5.7557,1.599,18.1777,0.5557,14656,1878.86
flat_full_pairwise,384,5,1224908,298756,5.7557,1.5528,18.2097,0.5508,14656,1878.58
flat_full_pairwise,480,1,1910588,465604,9.1872,2.3627,22.1718,0.8159,14656,2696.81
flat_full_pairwise,480,2,1910588,465604,9.1872,2.3988,22.2216,0.819,14656,2697.22
flat_full_pairwise,480,3,1910588,465604,9.1872,2.3948,22.1424,0.817,14656,2697.19
flat_full_pairwise,480,4,1910588,465604,9.1872,2.4581,22.2018,0.8167,14656,2697.13
flat_full_pairwise,480,5,1910588,465604,9.1872,2.5158,23.1814,0.825,14656,2696.92
